state_id,legacy_source_path,legacy_source_sha256,repair_commit,corrected_schema_version,event_sample_fraction,legacy_variance_mass_mean,corrected_variance_mass_mean,corrected_to_legacy_mass_ratio,legacy_mass_on_true_event_fraction,corrected_non_event_mass_max,legacy_A_alloc,corrected_A_alloc,corrected_U99,corrected_U999
c000_s2_00065,results/phase_m4pf3/gradient_samples/confirmation/c000_s2_00065.npz,ff8ca0b3977e047ce8461be089cb186eb4bb5d6ab7a8a6f29dbc9b34794d4d8b,a19972943e129cb79a03db7304cc1054490c0c5e,2,0.3043775,5.970896899606622,0.05716829412778188,0.009574490246439906,0.009574490246439906,0.0,0.014250262987338336,0.0443197062992996,0.21589123210344818,0.1243607872391763
c000_s2_00085,results/phase_m4pf3/gradient_samples/confirmation/c000_s2_00085.npz,2eb211cb7f5704354f0baa15ab82da0b428a7960979028525a7c62421c1abd62,a19972943e129cb79a03db7304cc1054490c0c5e,2,0.3045775,4.8976084668381095,0.04162191852215821,0.008498416891424006,0.008498416891424006,0.0,0.07406236021385015,0.010321676702768678,0.046148773951310965,0.01299763486942836
c000_s2_00110,results/phase_m4pf3/gradient_samples/confirmation/c000_s2_00110.npz,5c6304173c1f91ad921742121416e66e6990a5437802cd470eb96554ca273a6d,a19972943e129cb79a03db7304cc1054490c0c5e,2,0.305475,4.276241116503524,0.03551180073613667,0.008304443030371719,0.008304443030371719,0.0,0.12299022944852506,0.013025920923071338,0.007100424665057895,0.00031991132682141794
c000_s2_00500,results/phase_m4pf3/gradient_samples/confirmation/c000_s2_00500.npz,e2484ea2ab7b63dd29bcea03177a168518bbe51d31f86d037b0b8081807cc6ef,a19972943e129cb79a03db7304cc1054490c0c5e,2,0.3140975,3.9553438059884183,0.030293270819229168,0.007658821155664128,0.007658821155664127,0.0,0.20526933810730763,0.12700790049087116,2.199358226683001e-05,1.11953391441455e-09
c000_s2_00640,results/phase_m4pf3/gradient_samples/confirmation/c000_s2_00640.npz,5d4606a22165487d1242786ec2b15b07aae5fa1413c744a633e9a805d1f61c48,a19972943e129cb79a03db7304cc1054490c0c5e,2,0.3181525,4.213363174794354,0.03134676500129,0.007439844063007925,0.007439844063007924,0.0,0.20404818290402238,0.14778331161495423,7.086192071223737e-08,7.740471432140668e-14
c000_s2_00800,results/phase_m4pf3/gradient_samples/confirmation/c000_s2_00800.npz,986306ed661dcb3cd93429b928b2bbf0f91a83cedfcf1ff4d36438ab1f82332a,a19972943e129cb79a03db7304cc1054490c0c5e,2,0.3223375,4.537566609284907,0.03334179715009031,0.007347946602451038,0.007347946602451037,0.0,0.19737840837606874,0.16003057082670594,4.4515423845456256e-11,1.8673022335738022e-19
c001_s2_00065,results/phase_m4pf3/gradient_samples/confirmation/c001_s2_00065.npz,28e065b1d21e93e86738bb0cb6c741c69138f5ad9fe7e6cfd80f48bb7981ec96,a19972943e129cb79a03db7304cc1054490c0c5e,2,0.3291625,6.542716753236436,0.29162871359954845,0.04457303053128361,0.04457303053128361,0.0,0.03386442098598996,0.0070038028431106125,0.7155479328085288,0.6110887003439139
c001_s2_00085,results/phase_m4pf3/gradient_samples/confirmation/c001_s2_00085.npz,f8f49f5efce324c2742ac4c6b16d3733d721581bf974d354c30e5343a64c3a1a,a19972943e129cb79a03db7304cc1054490c0c5e,2,0.327085,5.152199027332026,0.12808464725703875,0.024860190100879136,0.024860190100879136,0.0,0.033432722453214714,0.07242183135222469,0.3957385190557925,0.2047154757117458
c001_s2_00110,results/phase_m4pf3/gradient_samples/confirmation/c001_s2_00110.npz,34bffb00f429484d00b6a300fab2081877c439f0625fcfee2b3fed3aaa1ab8e7,a19972943e129cb79a03db7304cc1054490c0c5e,2,0.3273275,4.389373798148678,0.08411480681817343,0.019163281754142433,0.019163281754142433,0.0,0.08828081036789853,0.0461955624883888,0.1521913687662112,0.03239195963198216
c001_s2_00500,results/phase_m4pf3/gradient_samples/confirmation/c001_s2_00500.npz,fcfcba3265c0118f28a3ef17307e7eb4c60a771d5793448ca1ef3741024b0784,a19972943e129cb79a03db7304cc1054490c0c5e,2,0.3430525,3.9468215568918072,0.056099414515833966,0.014213820844744058,0.014213820844744056,0.0,0.18318546279073344,0.05256832771727085,1.1096169525459858e-05,7.476377178549185e-10
c001_s2_00640,results/phase_m4pf3/gradient_samples/confirmation/c001_s2_00640.npz,e806545eb387ced26391587b793f9041237fbc657644af7a3e79eb04e01db030,a19972943e129cb79a03db7304cc1054490c0c5e,2,0.350285,4.22020859614125,0.056877543382056264,0.013477424654805519,0.013477424654805519,0.0,0.183669773413837,0.06391675977007419,2.1786789112454547e-08,2.0363729288393204e-14
c001_s2_00800,results/phase_m4pf3/gradient_samples/confirmation/c001_s2_00800.npz,8c76c5fbcd8f9e72bb71bca3ab0474c0985c05eced039b7dc8f80a75ffcceb2c,a19972943e129cb79a03db7304cc1054490c0c5e,2,0.3578925,4.571674188941027,0.06003970988125324,0.013132980916813915,0.013132980916813915,0.0,0.17823171758809597,0.07342569310335892,1.3216122850655457e-11,5.0625724300179496e-20
c004_s2_00065,results/phase_m4pf3/gradient_samples/confirmation/c004_s2_00065.npz,9eb4d97c63f3690c669088fe477bb68e7c1a35e92d630e2fad60feafdcfd8d25,a19972943e129cb79a03db7304cc1054490c0c5e,2,0.3242525,4.983607228377752,0.29296243605904854,0.058785217741650304,0.058785217741650304,0.0,0.050894431449100774,0.03607241524764476,0.7129376175351999,0.17177624240247463
c004_s2_00085,results/phase_m4pf3/gradient_samples/confirmation/c004_s2_00085.npz,8afc6b4076f7b0e95bd6671ce1583526b4a5beb97486c116c61e1e95dee61100,a19972943e129cb79a03db7304cc1054490c0c5e,2,0.3188675,4.239328128747931,0.19107976129016752,0.04507312373260481,0.0450731237326048,0.0,0.10597103433679822,0.016527951218092113,0.43692303892788875,0.050658119040503005
c004_s2_00110,results/phase_m4pf3/gradient_samples/confirmation/c004_s2_00110.npz,91de43d9b0f13d741c869a8e8fe2753a39828737e2c06f81d6432056bb2c274c,a19972943e129cb79a03db7304cc1054490c0c5e,2,0.3148475,3.8306069718606186,0.140531892273061,0.03668658604377814,0.03668658604377814,0.0,0.15118185910167276,0.00795007161180697,0.1386126392138978,0.007134976600299324
c004_s2_00500,results/phase_m4pf3/gradient_samples/confirmation/c004_s2_00500.npz,b540f4aead3929d68687731de8d5fcd1948e0cfab82f58132cbdbae37a970048,a19972943e129cb79a03db7304cc1054490c0c5e,2,0.315195,3.8781661843653232,0.07910681904694067,0.020397996188470918,0.020397996188470918,0.0,0.22442054664270433,0.11868665269410139,2.7193079056781767e-06,1.350437773186745e-10
c004_s2_00640,results/phase_m4pf3/gradient_samples/confirmation/c004_s2_00640.npz,885e8814408d7f4278b894e7b4cc1a8ad10304c55ed2d500b4d73a1cc10e581a,a19972943e129cb79a03db7304cc1054490c0c5e,2,0.3199775,4.193240024130214,0.0767669607044464,0.018307313738943395,0.018307313738943395,0.0,0.22194948564650874,0.14403104279276321,7.770067851033511e-09,1.378112453638426e-14
c004_s2_00800,results/phase_m4pf3/gradient_samples/confirmation/c004_s2_00800.npz,2d99c57f368b8258e5a6e1508e12e17ae95db7560e2e5a0a7696f585b0b50c8c,a19972943e129cb79a03db7304cc1054490c0c5e,2,0.3253175,4.562957022538198,0.07783158353886198,0.017057268598941844,0.017057268598941844,0.0,0.21428702324062476,0.16549476061748045,5.049737816272626e-12,1.7077609743902206e-20
c006_s2_00065,results/phase_m4pf3/gradient_samples/confirmation/c006_s2_00065.npz,ef1bbbf96404dc5378f7ebab90bafdff539ac4cfb07029d5cc3ded12d851e968,a19972943e129cb79a03db7304cc1054490c0c5e,2,0.3246725,8.547607717683364,0.5510484656726822,0.06446815107491051,0.06446815107491051,0.0,0.18147019217853644,0.03273416343367795,0.8566633983230719,0.4613316212681848
c006_s2_00085,results/phase_m4pf3/gradient_samples/confirmation/c006_s2_00085.npz,faae9c83e971fb0921b7237ac6303f3cbc0f30c6fa80f30d502341989879fee7,a19972943e129cb79a03db7304cc1054490c0c5e,2,0.324155,7.8147509818270935,0.5083059586854892,0.06504442174389631,0.06504442174389631,0.0,0.2134322777225638,0.11546025159943224,0.841621796956205,0.16774814386741932
c006_s2_00110,results/phase_m4pf3/gradient_samples/confirmation/c006_s2_00110.npz,6961b150fcad7421fffc1b2773f7750dc4cbd552fe7d6fe5603fa4e1fba14b05,a19972943e129cb79a03db7304cc1054490c0c5e,2,0.3238025,7.365775924536077,0.43692011835562183,0.05931759570640762,0.05931759570640762,0.0,0.2365036381883805,0.21060025314963943,0.3974559496956463,0.043950888066496906
c006_s2_00500,results/phase_m4pf3/gradient_samples/confirmation/c006_s2_00500.npz,9e4f86a80c295f925e7f8c2d43ca51049d494e05e8b169d7beb982918eb7792c,a19972943e129cb79a03db7304cc1054490c0c5e,2,0.3236725,7.270878972517975,0.27369556791765504,0.03764270715441047,0.03764270715441047,0.0,0.2600386331933924,0.4094217955992312,7.496159726861978e-05,1.428011419379892e-08
c006_s2_00640,results/phase_m4pf3/gradient_samples/confirmation/c006_s2_00640.npz,80f55bf43ea2cb7f336bdcb113f27f3ab671baa618562bd75a08c1e6718e928f,a19972943e129cb79a03db7304cc1054490c0c5e,2,0.3239925,7.531628058888056,0.2741792316577409,0.03640371371421915,0.03640371371421915,0.0,0.2544033669983887,0.4392804329178144,2.9990003925503126e-07,1.2876753201934772e-11
c006_s2_00800,results/phase_m4pf3/gradient_samples/confirmation/c006_s2_00800.npz,871871cdb72617d0ab0f711ec5a31f8d5695e53d8d4db0bd154895672c47ff47,a19972943e129cb79a03db7304cc1054490c0c5e,2,0.32436,7.836373934867799,0.2799702858341384,0.035727019685522644,0.035727019685522644,0.0,0.2470654467905149,0.45071434980068703,9.873105304021916e-10,3.579989477648523e-17
