config_id,theta_S1,theta_S2,theta_S3,theta_S4,h_S1,h_S2,h_S3,h_S4,curved_S2,curved_S3,curved_S4,P_S2,P_S3,P_S4,L_S2,L_S3,L_S4,rank_P_S2,rank_P_S3,rank_P_S4,rank_L_S2,rank_L_S3,rank_L_S4,k_P_star,k_V_star,kendall_tau,spearman_rho,omega_top,E1,E2,E3,E4,E5,E6,eligible
m1d_b20260827_c000,141.66362018618284,314.7157956539067,73.49193262692648,11.387006538556275,1.884922114327688,2.462522340923709,1.7671454133352618,2.3112338912614594,0,1,0,0.005634020785329718,0.02313334966703122,0.010417944390125057,6.654136867705446,0.034041155547057174,4.797536276711555,3,1,2,1,3,2,S3,S2,-1.0,-1.0,0.5793402738327096,1,1,1,1,1,1,1
m1d_b20260827_c001,137.64443923920612,345.0810586757269,274.1625030305114,87.1737012908423,1.979043086892589,2.078088904370156,2.4647335885265287,1.5632829858367985,1,0,0,0.010453392827904695,0.006834520772196712,0.05929772249071285,8.41189658118733,7.635365804170468,0.12003348535431725,2,3,1,1,2,3,S4,S2,-0.3333333333333333,-0.5,0.5203032497491379,1,1,1,1,1,1,1
m1d_b20260827_c002,157.8554571574063,252.22312239544402,317.151851394314,40.52398447152031,1.7333900843884105,2.596928001333593,1.6661758674379497,1.696220636483104,0,0,0,0.003189235956721018,0.0441960056605403,0.04533653292097817,0.014561527559965384,7.6893473997815605,3.7161760702592,3,2,1,3,1,2,S4,S3,0.3333333333333333,0.5,0.6733178782291932,1,1,1,0,1,1,0
m1d_b20260827_c003,174.40879927982786,300.8525349178932,114.432669556934,22.73341395175664,1.724843681779957,1.6933585663930988,1.8445788205984124,1.9029569877099912,0,0,0,0.04267655412821607,0.03191306689330006,0.02858308933521202,2.8688585669013467,0.0455570611947327,6.87176321542533,1,2,3,2,3,1,S2,S4,-0.3333333333333333,-0.5,0.7021906430797078,1,1,1,0,1,1,0
m1d_b20260827_c004,145.25613464100022,94.22279237087037,288.5935753296468,46.64767560921957,1.9202955677585216,1.57860511815281,1.8855077187069411,2.155598364640572,0,1,0,0.04849125899467588,0.013649890348091423,0.015506890919715091,0.041578353658096236,10.596096199200597,1.239305961802698,1,3,2,3,1,2,S2,S3,-1.0,-1.0,0.8921540442135422,1,1,1,1,1,1,1
m1d_b20260827_c005,185.16202244960516,233.44117875202022,18.521406441524228,295.5625114909699,1.752658657133974,1.6467203418413259,1.8267608915082347,1.7283524874711291,0,0,0,0.04000366764734317,0.03155163304142097,0.041836593206852436,0.018617715336616946,8.229712430691784,2.828075150033497,2,3,1,3,1,2,S4,S3,-0.3333333333333333,-0.5,0.7429948806241112,1,1,1,0,1,1,0
m1d_b20260827_c006,234.46687672203507,337.86339379651855,192.5333717300625,102.27432544858176,1.7561212711995724,1.8321081819094749,1.7196855578763393,2.07804722260446,1,0,1,0.01992582485084643,0.04251130369272709,0.01052857848870974,0.5905371297699539,0.025587332859612424,1.153646711392493,2,1,3,2,3,1,S3,S4,-1.0,-1.0,0.6518620759149699,1,1,1,1,1,1,1
m1d_b20260827_c007,222.52883236903762,169.28398551330605,301.7209412901344,87.66668240801515,1.7645504360583302,1.9593890467068447,1.7567207851852662,2.1095623946565896,0,1,1,0.024670971219294142,0.024068260110475997,0.007516934430359774,0.02187534977151748,0.11621924356106438,0.7253201951300343,1,2,3,3,2,1,S2,S4,-1.0,-1.0,0.8400599628615684,1,1,1,1,1,1,1
m1d_b20260827_c008,138.14067319896336,209.61882797688648,332.9874501783024,66.97550224871338,1.6565257192955456,2.0303882102745816,1.5467730442048004,2.2193573653617884,0,0,0,0.02101570891680111,0.06020281152395222,0.013202997794364206,0.08007550414393405,8.07624119102817,0.045444981646417124,2,1,3,2,1,3,S3,S3,1.0,1.0,0.984695911593588,1,1,0,0,1,0,0
m1d_b20260827_c009,230.91792846429297,332.3582467727515,66.9243443044417,109.12699730107673,1.7483667590007705,2.168673488902757,1.6420135393994477,2.0744975141328545,0,0,1,0.01461328288120661,0.041865973727507805,0.01118661375396578,0.4011476425973181,9.913277901117413,1.0827816696448835,2,1,3,3,1,2,S3,S3,0.3333333333333333,0.5,0.8697988652428145,1,1,0,0,1,1,0
m1d_b20260827_c010,162.3700047594338,44.854412191074196,220.02684647195355,4.343971130589939,1.6337530333241168,1.9548609276445272,1.7565296629136578,2.528182404693793,1,0,1,0.01490320273898135,0.039326350248097865,0.002977435340351752,0.4369816479650841,0.061260748974492414,1.4988274361453684,2,1,3,2,3,1,S3,S4,-1.0,-1.0,0.7505132826677755,1,1,1,1,1,1,1
m1d_b20260827_c011,191.69337372705854,97.0604356198586,34.32244466824134,334.84840845735016,1.696685658018109,1.863174585765737,1.8658716338361359,2.566696869482164,1,0,0,0.017271224441054653,0.029424263939358087,0.005147784130295132,0.09135674727571572,5.3227590558404065,2.0229370097965353,2,1,3,3,1,2,S3,S3,0.3333333333333333,0.5,0.7157081158007528,1,1,0,1,1,1,0
m1d_b20260827_c012,226.16039147165463,1.8119343840017654,275.6753916106651,160.52331963053007,1.8394325122637987,1.7690219632121345,2.480282183159494,2.092873019979388,0,1,0,0.03818907560226481,0.003758241685858307,0.018240256892780013,9.58037412288278,0.0008365702964220821,0.0633407125680972,1,3,2,1,3,2,S2,S2,1.0,1.0,0.9933457472344153,1,1,0,0,1,0,0
m1d_b20260827_c013,132.86485132774789,329.2722741763081,244.5050603951364,179.45815223319158,1.519462493207231,2.0103155819767204,2.5082576056028345,1.9034374697371896,0,0,1,0.021987693742783795,0.005843558596194466,0.0170692669189707,2.808111308328644,0.2582955569113673,0.006628987296915651,1,3,2,1,2,3,S2,S2,0.3333333333333333,0.5,0.913790610679151,1,1,0,1,1,0,0
m1d_b20260827_c014,188.98398416153094,79.93824167632802,287.7288277809823,147.95488150208433,1.5531305000529139,1.8056613121586338,2.140082745031221,2.3571693052093923,1,0,0,0.016712907359297174,0.016325669510190762,0.009172143659660228,0.6307124117704714,0.3086776394741749,0.002303048806796361,1,2,3,1,2,3,S2,S2,1.0,1.0,0.6697642912919474,1,1,0,0,1,1,0
m1d_b20260827_c015,214.60008444593018,20.872820028271533,129.29005815919794,277.46172175073406,1.5981483976316107,1.8091416411222228,2.1397793495203845,1.9980495207438995,1,0,0,0.01761095774040512,0.016151395934848267,0.02292712185749804,2.698641471435678,0.1455406531294712,0.040957530449054515,2,3,1,1,2,3,S4,S2,-0.3333333333333333,-0.5,0.9353590446637815,1,1,1,0,1,0,0
m1d_b20260827_c016,142.51997600239338,188.9549734554257,343.786013707184,295.2698251155572,1.5703055909487489,2.307537033376043,2.166251487910812,1.519765702357266,0,1,1,0.010396097602329854,0.006634090304019734,0.035532051421659404,0.004055221656684223,1.6109070085855925,2.529039014455047,2,3,1,3,2,1,S4,S4,0.3333333333333333,0.5,0.610289154157763,1,1,0,1,1,1,0
m1d_b20260827_c017,136.2310817828648,239.86203112758918,40.785093867528474,85.61961870754887,1.629510472829989,2.1445648015769203,2.100138522726563,2.164483694645617,1,0,0,0.008805951757985674,0.012712355785283201,0.015227973938123352,0.08956307345547024,0.36092867304554743,0.009799441754271396,3,2,1,2,1,3,S4,S3,-0.3333333333333333,-0.5,0.7841311809892119,1,1,1,1,1,1,1
m1d_b20260827_c018,137.29801337374175,20.875710358944932,64.31565204277689,204.1052479061603,1.7344763960342877,1.5837709579623565,1.8548127834791965,1.8165255673367144,0,0,0,0.04058359947581532,0.03181898060226733,0.03492176730892598,4.068722356308794,0.18327503099749015,0.12134249839207,1,3,2,1,2,3,S2,S2,0.3333333333333333,0.5,0.9303467058698738,1,1,0,0,1,0,0
m1d_b20260827_c019,178.24991063244576,314.0979327386367,131.17111622211223,241.6967973799226,1.8970174028671498,2.5666060236273056,2.117914980164847,2.2339549450829366,0,0,0,0.004718529770743434,0.017096540413981575,0.012828117001813893,4.164806522373462,0.012152210894107944,0.037579007222899384,3,1,2,1,3,2,S3,S2,-1.0,-1.0,0.9882000776409656,1,1,1,1,1,0,0
m1d_b20260827_c020,228.0076298802581,334.7095288291787,278.42082543497906,34.77822988937867,1.5688725948487074,1.700686816687085,1.8992323780458686,2.368838289248792,0,1,0,0.0390388695680674,0.015946030026133314,0.00892868442251205,0.6062651732404634,0.004129923791923101,2.34033639078243,1,2,3,2,3,1,S2,S4,-0.3333333333333333,-0.5,0.7931377017688523,1,1,1,1,1,1,1
m1d_b20260827_c021,173.97306005039252,336.8360764544142,245.97994952805965,45.00696375994365,1.8516927107056609,2.3282207472741776,1.7136071108188156,2.2072949530562544,0,0,0,0.0085860761201545,0.0431370075283686,0.013642488669347308,6.4416494219693385,0.34150794315037086,4.565204726609538,3,1,2,1,3,2,S3,S2,-1.0,-1.0,0.5676281184809965,1,1,1,1,1,1,1
m1d_b20260827_c022,156.0631463600689,329.50057874223774,103.69274355518516,232.2254605872595,1.550304408784148,2.4706219817476938,1.7719696374891551,1.952757534148504,0,0,1,0.00673028131240386,0.03813278401100274,0.01126886343081503,1.9422272922927202,0.03648919455632767,0.0585571485774504,3,1,2,1,3,2,S3,S2,-1.0,-1.0,0.9533463048453574,1,1,1,1,1,0,0
m1d_b20260827_c023,195.4739504895934,18.918044492276536,100.92990036833307,273.37767206973206,1.520255581672716,2.0086202156045623,2.1033532155066976,1.7788549462831327,0,1,0,0.02223710507356403,0.010400803383607157,0.03748855292430328,3.126650395387885,0.07592801292705742,0.1832343220039122,2,3,1,1,3,2,S4,S2,0.3333333333333333,0.5,0.9234563882963004,1,1,1,1,1,0,0
m1d_b20260827_c024,159.29573858856764,320.5577103467543,242.85329540186518,37.30442193127003,1.8395060026444263,1.500369799957576,1.8246915975901905,2.194531681641846,1,0,0,0.030728288058452968,0.033994763216393685,0.014124132449695681,8.060349688571195,0.6256580049127924,3.232869465755491,2,1,3,1,3,2,S3,S2,-0.3333333333333333,-0.5,0.6762675360172528,1,1,1,1,1,1,1
m1d_b20260827_c025,208.8094836690806,64.0610418388448,300.2802929498332,352.8604362383828,1.8580729880191815,1.6686372680917545,1.7672618384412684,2.5724729648039233,1,0,0,0.026399615824061858,0.03611226481049163,0.005052709894856005,8.789013182043142,0.5333982045835285,4.512111775337917,2,1,3,1,3,2,S3,S2,-0.3333333333333333,-0.5,0.6352957076400635,1,1,1,1,1,1,1
m1d_b20260827_c026,197.64491135047095,315.4580253746422,253.80358340358072,65.05787323972775,1.6749139699727769,2.079540280314833,1.7734364025811786,1.7683743233818212,1,0,0,0.004589405722221275,0.03805815952094206,0.03876924090181398,0.14625366300949177,0.056225325438644586,4.394135492032124,3,2,1,2,3,1,S4,S4,0.3333333333333333,0.5,0.9559504088698383,1,1,0,1,1,0,0
m1d_b20260827_c027,203.2590821776976,54.905776310461974,335.00872611992,103.60850231929159,1.8210589297167972,1.6047938422755506,1.5348932180019341,1.9912361007650925,0,0,1,0.03839246530260314,0.0626915963947323,0.011139538492883577,6.94984922437452,10.205671755122804,0.5814157929940879,2,1,3,2,1,3,S3,S3,1.0,1.0,0.5753908854741476,1,1,0,0,1,1,0
m1d_b20260827_c028,162.13337774742536,351.87986368239,68.84702807185678,275.8424324735173,1.5428547923519182,2.01226728623386,2.1381488485603297,2.400906228736786,1,0,0,0.011572797838790219,0.016283495854058774,0.008194538649045678,1.9482861304998493,0.2181803113325102,0.4041037288058803,2,1,3,1,3,2,S3,S2,-0.3333333333333333,-0.5,0.7579198392456701,1,1,1,1,1,1,1
m1d_b20260827_c029,122.93685163770664,165.49498564938924,6.02312222243786,65.30022643964621,1.6963625124045267,2.335004418028411,1.7741868200658257,2.0587689166513217,0,0,0,0.009753755055616868,0.03285975700492189,0.019616075564202296,0.003033822748796513,2.7038714428855357,0.02664510872393203,3,1,2,3,1,2,S3,S3,1.0,1.0,0.989142716464592,1,1,0,0,1,0,0
m1d_b20260827_c030,193.78864570883923,300.3486626150353,345.81938390178624,146.13984962821894,1.8398450884553952,2.4882875448935318,2.2661223030940705,1.8396362733568126,0,0,0,0.004238854893635202,0.011747784816917524,0.03291646553387841,0.0664447336344415,7.700673849269812,0.030718144864648005,3,2,1,2,1,3,S4,S3,-0.3333333333333333,-0.5,0.9875397649513381,1,1,1,1,1,0,0
m1d_b20260827_c031,225.17450292146174,324.176139560509,46.31049311741349,86.63379297052653,1.6414104797682725,2.551791419169943,1.7953660633700776,2.0880425264948257,1,0,0,0.002991921351145739,0.026557434466791662,0.01833382753511421,0.038166001453972684,3.906208343574482,2.894813973227772,3,1,2,3,1,2,S3,S3,1.0,1.0,0.571150867881123,1,1,0,0,1,1,0
m1d_b20260827_c032,185.8065587731262,329.54818487832245,141.96097421065446,287.7018729865537,1.6173795292766404,2.0811288162217534,2.225541192030656,1.9517251855946902,1,1,0,0.007239317903758782,0.007583800287688473,0.025435808706959964,1.6144605543954145,0.0013748830915448404,0.7219501182836129,3,2,1,1,3,2,S4,S2,-0.3333333333333333,-0.5,0.690593947083937,1,1,1,1,1,1,1
m1d_b20260827_c033,189.7435452945848,138.09963358029674,288.32777188456964,96.31977573379771,1.5335439027720263,2.5640119599950886,1.7565808944706143,1.986190571741647,1,1,0,0.001473967180111552,0.02217663330846602,0.023429581438516877,0.0001319748924029756,0.3116291317400738,0.30296020872392265,3,2,1,3,1,2,S4,S3,0.3333333333333333,0.5,0.5069437547637328,1,1,1,0,1,1,0
m1d_b20260827_c034,201.7044002147303,46.15142283271223,114.33147093493649,309.2559062574628,1.9901201957377601,2.50351792695324,1.7371313517929152,2.319300273376167,0,0,0,0.004724880725411695,0.04123853878188719,0.010215598916774824,11.478673874214625,1.7745487832482845,2.253393666093039,3,1,2,1,3,2,S3,S2,-1.0,-1.0,0.7402436247021527,1,1,1,1,1,1,1
m1d_b20260827_c035,204.7849405453632,137.57185997098244,263.35860121627644,339.08673761163897,1.985737937829058,1.5877866709331123,1.7126528545015036,1.835176982841333,1,0,0,0.03079482514009626,0.03951791394695001,0.03305732271718537,0.0334482042159494,0.05810460808361721,16.69375235040367,3,1,2,3,2,1,S3,S4,0.3333333333333333,0.5,0.9945456569652962,1,1,1,0,1,0,0
m1d_b20260827_c036,175.23714317267286,310.5583066673183,10.940641620836669,220.95777926543124,1.5253297147939038,2.523804692330276,1.8709987601945786,2.252908824467249,0,0,0,0.003972814585136836,0.030414905479670348,0.012148356291794803,0.21294727914466596,3.4976088092914495,0.004600734924417803,3,1,2,2,1,3,S3,S3,0.3333333333333333,0.5,0.9414431141368883,1,1,0,1,1,0,0
m1d_b20260827_c037,181.760985927092,305.39961690471677,14.115050532343215,246.27285853365288,1.9873774435509666,1.8418020528436827,1.717589226373378,2.054104029565906,0,0,0,0.022232256578083604,0.04296720093627919,0.019828587323571876,2.6028948989504896,30.645961877981037,0.09377646372550123,2,1,3,2,1,3,S3,S3,1.0,1.0,0.9191224237386341,1,1,0,0,1,0,0
m1d_b20260827_c038,208.47819339525006,132.3000038716837,19.755193654826616,319.91205267926307,1.5624733797290207,2.098654782605635,1.749303516314383,2.51308428049659,1,0,0,0.010386701383517358,0.038098304225031625,0.005981962655271307,0.023875408948593295,4.570865723943158,0.2976173529469333,2,1,3,3,1,2,S3,S3,0.3333333333333333,0.5,0.9342867529380536,1,1,0,1,1,0,0
m1d_b20260827_c039,234.734267750737,326.35309181115986,10.021846432231607,52.47125689547044,1.5578045737875579,2.044720550122247,2.0401417391626167,1.5270318124689632,1,1,0,0.009532529240530203,0.005578044691613559,0.06357167660833281,0.03594266953084789,0.10546703734938609,5.8120551949409744,2,3,1,3,2,1,S4,S4,0.3333333333333333,0.5,0.9762474946586188,1,1,0,1,1,0,0
m1d_b20260827_c040,232.26752017592185,150.1112654696929,334.8904681369953,29.49609761607693,1.6844314151302777,2.434507626497819,2.4903614100021336,1.5982125790131383,0,0,0,0.007490727243814511,0.003108677407328317,0.05511377187975133,0.06384330593233752,0.01378372177893611,8.272563755006964,2,3,1,2,3,1,S4,S4,1.0,1.0,0.9907035623818402,1,1,0,0,1,0,0
m1d_b20260827_c041,237.5785589514611,1.6505449983240084,189.30965744645687,142.18592347567974,1.884707634436811,2.1629845979502287,2.215752588302865,2.0737979697566624,0,1,1,0.015159546413816338,0.007807630886913929,0.009147706889821304,4.64948959681663,0.002629374333947361,0.43159850435911845,1,3,2,1,3,2,S2,S2,1.0,1.0,0.9145845769783794,1,1,0,0,1,0,0
m1d_b20260827_c042,203.65406948028357,348.8394560476971,308.25348469764776,135.1183223374927,1.6437120490607842,2.052036822116829,2.120098916602405,2.2670495568020264,1,1,0,0.007275688243035461,0.009235537579314152,0.011738021138178756,0.8627554070705573,0.09797516514655615,0.02978006061542536,3,2,1,1,2,3,S4,S2,-1.0,-1.0,0.8710208436666217,1,1,1,1,1,1,1
m1d_b20260827_c043,194.39758972251946,114.84907328992414,284.3836623785398,17.524083518858482,1.6279902235208283,2.5681894416345203,2.0617253569022997,1.8952289644327458,0,0,0,0.00505814053315721,0.019238329202198104,0.028936265058905265,0.022506173156108072,0.18267409491614106,5.5803398353785605,3,2,1,3,2,1,S4,S4,1.0,1.0,0.9645355535192301,1,1,0,0,1,0,0
m1d_b20260827_c044,153.03193825847637,328.61170094237673,62.40616913516088,282.52011417638863,1.7161581290797718,2.0952804034687684,2.056550285610584,1.9746238721747074,0,0,0,0.011341350108940398,0.019884307177657722,0.024088231515967288,3.7337662646752836,0.3926671327768564,3.5825281527113164,3,2,1,1,3,2,S4,S2,-0.3333333333333333,-0.5,0.4843410153727015,1,1,1,1,1,1,1
m1d_b20260827_c045,206.4133702312413,110.4167479593701,322.2567620036872,48.894375069936004,1.5406387774131485,1.7757377646868016,2.5693263642971447,2.314819596256686,0,1,1,0.03582612788995563,0.002713795371085812,0.0049056169241299095,0.29166862911720326,0.13842897962081796,0.8074088604897083,1,3,2,2,3,1,S2,S4,0.3333333333333333,0.5,0.6524481936596055,1,1,1,1,1,1,1
m1d_b20260827_c046,147.97868889380777,71.89846591267987,29.280770652401785,243.56022012253038,1.9075303700703836,2.5260938810975597,1.533585986762743,2.58854993324467,0,1,0,0.004118639290028398,0.03947617516958856,0.0047889638124039395,0.005295001828541912,3.774899313593729,0.2859449032261091,3,1,2,3,1,2,S3,S3,1.0,1.0,0.9283743400326904,1,1,0,0,1,0,0
m1d_b20260827_c047,166.37102803226253,246.99145245297592,351.5291548294176,287.2314434688431,1.654415190397909,2.4009982068503923,1.7939090790618193,1.820032645503192,0,0,0,0.002875557741579923,0.03024179850675058,0.0343121515232882,0.0015594923540046528,5.003334081297558,2.5527228521433436,3,2,1,3,1,2,S4,S3,0.3333333333333333,0.5,0.6620254058171932,1,1,1,0,1,1,0
m1d_b20260827_c048,130.20499480439082,210.5655892740403,259.74492564240757,79.3763329708022,1.8774518308652985,2.077940148968238,1.8484542428394957,2.3837508363400737,0,1,1,0.015066319321402667,0.019262846806516642,0.004248222673802661,0.0448696198152897,2.766865051645644,0.0024966665207564595,2,1,3,2,1,3,S3,S3,1.0,1.0,0.9831690146802159,1,1,0,0,1,0,0
m1d_b20260827_c049,156.86475230625743,74.29097114245901,207.41969681012628,320.33298119509027,1.8619287141969187,2.2655133211742458,2.3548393041973514,2.037944668721135,1,1,0,0.00679186048353592,0.005355619194873445,0.021016867775617423,0.030506485371046853,0.0016181430869533716,12.845101167739635,2,3,1,2,3,1,S4,S4,1.0,1.0,0.9975053145012426,1,1,0,0,1,0,0
m1d_b20260827_c050,148.536157121639,12.560987737555415,56.778449359495276,280.0787091417436,1.8046433723030277,1.6702263422796435,1.9172032412307942,2.199757419482399,1,0,0,0.011818359807109264,0.02755446205939161,0.013923160075914197,1.308497416339329,0.8214122569938106,4.072367213854057,3,1,2,2,3,1,S3,S4,-0.3333333333333333,-0.5,0.6565922947211282,1,1,1,1,1,1,1
m1d_b20260827_c051,128.18790024278206,193.5872037571434,309.5221100879073,8.895693344822956,1.7202548830255238,2.55940160578078,1.8863238445593074,1.7687854194218933,0,0,1,0.0052124873682243755,0.02637270708242421,0.023317574601832144,0.009651842427988768,7.629491559231256,1.4588471699363703,3,1,2,3,1,2,S3,S3,1.0,1.0,0.8385908403830307,1,1,0,0,1,1,0
m1d_b20260827_c052,146.54838653059866,88.67945783635572,27.664043149231404,200.7224262044213,1.8491899671781042,1.8513951065138796,1.998494652070136,1.8883534057838387,0,0,0,0.027105051462849007,0.02258957362328563,0.029473238891276753,0.022515263686556087,4.117013938405621,0.045721933992909684,2,3,1,3,1,2,S4,S3,-0.3333333333333333,-0.5,0.9836957937622601,1,1,1,0,1,0,0
m1d_b20260827_c053,239.59996910177767,73.25704569493541,311.6403963559066,2.298742949169532,1.9833462673870514,2.079497654304377,1.5825714147153747,2.5181328188651007,0,0,1,0.018973976892057567,0.05425784262505151,0.0026609897896946243,22.5474612664587,0.37092044093434695,0.3567572506051593,2,1,3,1,2,3,S3,S2,0.3333333333333333,0.5,0.968735839006046,1,1,1,1,1,0,0
m1d_b20260827_c054,123.00108777789755,14.054707276836801,302.96700544755686,262.7650919514417,1.8876873443657702,1.7784482125835621,2.1243352704649334,1.592454777476634,1,0,0,0.015947983039882603,0.00563492535894943,0.05530951700676386,1.3572961410587707,3.3268289344581103,15.484303921398558,2,3,1,3,2,1,S4,S4,0.3333333333333333,0.5,0.7677496310578642,1,1,0,1,1,1,0
m1d_b20260827_c055,237.65416870712835,176.2210766650117,91.71496735024563,17.951520677081703,1.944045651075418,2.458620061343671,2.5185365422093025,1.7379546373671775,0,0,1,0.006889582178744578,0.005891966050647397,0.02248433042015358,0.010858143701903121,7.8297646623415345,5.6468180515963144,2,3,1,3,1,2,S4,S3,-0.3333333333333333,-0.5,0.5805226317568233,1,1,1,0,1,1,0
m1d_b20260827_c056,225.8527646274775,313.95318828859104,130.5789023450271,172.83324431639707,1.6116145298792135,1.825391341082467,1.7965841679133765,1.7901430917741372,0,0,0,0.033946051529000376,0.021524370434236845,0.03672954157939237,0.4104999568304382,0.6277104987776112,0.038651398586683226,2,3,1,2,1,3,S4,S3,-1.0,-1.0,0.5829071726633007,1,1,1,1,1,1,1
m1d_b20260827_c057,215.2585684600503,168.1009105927911,119.99595148353666,296.7763421711764,1.723370309881048,2.57166609361155,1.5420373753002885,1.6316330414467504,1,1,0,0.002226700202242242,0.03455386205467569,0.05161145731801189,0.00023908185774055462,0.18767589480484537,0.5620470973249241,3,2,1,3,2,1,S4,S4,1.0,1.0,0.7494340271589314,1,1,0,0,1,1,0
m1d_b20260827_c058,152.10596000035343,110.78583661330566,246.80111518337426,306.07531622867356,1.8034706992672382,1.561544254174686,1.8239100746133439,1.7816613695289478,0,1,1,0.059291786759579836,0.014679420792373441,0.020198936145997166,0.04613578281065737,0.225060332060893,5.134271154527742,1,3,2,3,2,1,S2,S4,-0.3333333333333333,-0.5,0.9498292929444214,1,1,1,1,1,0,0
m1d_b20260827_c059,141.81775689801182,37.264038320500376,289.1378476566909,197.85225438276893,1.8130284614421346,1.764844274564033,2.3733493067329,2.1519878446726217,0,0,1,0.038735965867347864,0.008769761378676874,0.009290098218284826,2.355296515673958,5.313498217327367,0.005119688278282584,1,3,2,2,1,3,S2,S3,-0.3333333333333333,-0.5,0.6924104082517711,1,1,1,1,1,1,1
m1d_b20260827_c060,120.23928066933283,257.1231833133683,198.52108467308346,35.11155331505685,1.6828320503854055,2.1118218858522413,2.359789965879979,2.2312258973167705,0,1,0,0.016798266251971332,0.005240496103215871,0.012750803919122788,3.187912873027888,0.010534326479726639,0.14617195442353006,1,3,2,1,3,2,S2,S2,1.0,1.0,0.953146748944773,1,1,0,0,1,0,0
m1d_b20260827_c061,194.10352935758556,58.81898782493173,11.188843804430682,118.27956333486189,1.8929708297824022,1.78175801299159,2.100230076729459,2.576070815027567,0,0,0,0.02799726965890392,0.017731905171865764,0.005019671028682734,3.121391604982681,14.975437721659576,0.04313884474524662,1,2,3,2,1,3,S2,S3,0.3333333333333333,0.5,0.8255492832275528,1,1,1,1,1,1,1
m1d_b20260827_c062,229.80979974063376,56.036171933111504,306.52117568679796,114.08040654617105,1.7066312680110451,1.9403570290613827,2.3935549535329734,2.568523299432182,0,0,0,0.02469539237455881,0.00835969965549292,0.005097103234705565,6.938614171302494,0.04942639942068515,0.6227819780260945,1,2,3,1,3,2,S2,S2,0.3333333333333333,0.5,0.9116773025331871,1,1,0,1,1,0,0
m1d_b20260827_c063,150.8808358408573,279.98051683553496,350.0399340211098,194.4811464955053,1.550192943942692,1.5033738278789022,2.512897745639639,2.503034426010043,0,0,1,0.0647445301314053,0.005935443703197612,0.0031857711666621533,2.485056971221507,1.6200259413828804,0.00031774795163970633,1,2,3,1,2,3,S2,S2,1.0,1.0,0.6053141158906853,1,1,0,0,1,1,0
