candidate_index,config_id,state_id,s2,candidate_stratum,corrected_class,class_certainty_score,probability_semantics_valid,reference_action_class_valid,minimum_arm_ESS,p_ref_full,P_base,P_widen,P_shrink,M2_base,M2_widen,M2_shrink,ambiguity_or_invalid_reason
0,m1d_b20260827_c000,c000_s2_00125,1.25,G-W,AMBIGUOUS,,True,False,6626.382678683586,0.067063,0.0678458791815841,0.06746759868596655,0.06823052259180698,0.04214650486135218,0.035440672540748,0.07025558949571468,unsupported_required_contrast
1,m1d_b20260827_c000,c000_s2_00160,1.6,G-W,WIDEN,2.7272011257805513,True,True,11783.508113803118,0.067063,0.06749456984646537,0.06724745125518054,0.06733136832223101,0.035142745806290746,0.03238459327096973,0.03847337411202194,
2,m1d_b20260827_c000,c000_s2_00200,2.0,G-W,WIDEN,1.862144956344911,True,True,13342.675022857316,0.067063,0.06746187892266642,0.06714829269675429,0.0674578397216393,0.03210902805527541,0.030266733884664648,0.0341053059608723,
3,m1d_b20260827_c000,c000_s2_00250,2.5,G-H,AMBIGUOUS,,True,False,14469.073537743645,0.067063,0.06650388095545473,0.06641754242401486,0.06680045457489629,0.029308383437736923,0.02927825361377178,0.030840265755596185,no_unique_preregistered_class
4,m1d_b20260827_c000,c000_s2_00320,3.2,G-H,AMBIGUOUS,,True,False,14580.425114521515,0.067063,0.06644272831522122,0.0664064019412673,0.0659889660991404,0.030186937217096737,0.030244730068900095,0.029570504635938993,unsupported_required_contrast
5,m1d_b20260827_c000,c000_s2_00400,4.0,G-H,SHRINK,1.538906828875511,True,True,13971.946662527034,0.067063,0.0674383279144972,0.06756515364132497,0.06701784005808162,0.03138562125988711,0.03267297032287834,0.030126311967230375,
6,m1d_b20260827_c000,c000_s2_00500,5.0,G-S,SHRINK,1.554830899942949,True,True,13223.909288688104,0.067063,0.06686236432126992,0.0672953734847272,0.06691091422237627,0.03176991386002497,0.0342460553349591,0.030603998521355324,
7,m1d_b20260827_c000,c000_s2_00640,6.4,G-S,SHRINK,1.9695174322750901,True,True,12532.01456335261,0.067063,0.06706531614854873,0.06697637860563872,0.0669899344203694,0.03383637973621763,0.03579500541153052,0.031784341981341155,
8,m1d_b20260827_c000,c000_s2_00800,8.0,G-S,SHRINK,1.4290248196612834,True,True,11280.358233927667,0.067063,0.06739973603662627,0.06698177897411009,0.06787028857639202,0.03756700068832886,0.03977319355906996,0.03599232620138301,
9,m1d_b20260827_c001,c001_s2_00125,1.25,G-W,AMBIGUOUS,,True,False,5768.071041440996,0.089218,0.08714556678669358,0.08802851923637375,0.08711670024508239,0.10110632518085219,0.08623565367300745,0.13157465306972976,unsupported_required_contrast
10,m1d_b20260827_c001,c001_s2_00160,1.6,G-W,AMBIGUOUS,,True,False,6543.320200857626,0.089218,0.08880339888531166,0.08875211405340915,0.08782384860582369,0.09365621453303488,0.0732618613087343,0.11787637082054614,unsupported_required_contrast
11,m1d_b20260827_c001,c001_s2_00200,2.0,G-W,WIDEN,2.029129298058814,True,True,8987.672903826493,0.089218,0.08844409327761678,0.08842372493258077,0.08840197117761646,0.07303255122631067,0.06370091452633067,0.08695141213651579,
12,m1d_b20260827_c001,c001_s2_00250,2.5,G-H,WIDEN,2.2411021933115203,True,True,11158.855211753198,0.089218,0.0902643433137695,0.09028113633770032,0.09016325421375254,0.06496934252506507,0.06069116946303368,0.07285167032054832,
13,m1d_b20260827_c001,c001_s2_00320,3.2,G-H,AMBIGUOUS,,True,False,12902.232739500472,0.089218,0.09095351734881117,0.09095414626591733,0.0912205222837187,0.06133231510533684,0.06045755063824335,0.06449413720649241,unsupported_required_contrast
14,m1d_b20260827_c001,c001_s2_00400,4.0,G-H,HOLD,0.7022399700565609,True,True,13204.679534990843,0.089218,0.08979203050153119,0.0896294581470824,0.08969050869978232,0.060299183944374765,0.06083782454888002,0.0606330631025024,
15,m1d_b20260827_c001,c001_s2_00500,5.0,G-S,AMBIGUOUS,,True,False,12638.244298276228,0.089218,0.08910334585389251,0.08906435456656346,0.08912510498522026,0.06025279066250795,0.06276551605700856,0.05922164998948063,unsupported_required_contrast
16,m1d_b20260827_c001,c001_s2_00640,6.4,G-S,SHRINK,1.0228380962178767,True,True,11988.48951799362,0.089218,0.08990100761368072,0.09065434133749584,0.09034146866202661,0.06364735452022283,0.06855083445667139,0.062077246930448006,
17,m1d_b20260827_c001,c001_s2_00800,8.0,G-S,SHRINK,1.5546208703304651,True,True,11083.108699810056,0.089218,0.08883314897546057,0.08864359463194105,0.08898231847800532,0.06633109325152595,0.07089785981623146,0.06334480096761078,
18,m1d_b20260827_c004,c004_s2_00125,1.25,G-W,WIDEN,1.5609038779110609,True,True,2594.0403362709126,0.09350000000000001,0.09555283134383544,0.09498751514418442,0.09513947622668636,0.2745712355923481,0.19651322188564263,0.3489352039028167,
19,m1d_b20260827_c004,c004_s2_00160,1.6,G-W,WIDEN,1.8410583595781447,True,True,3837.496883722365,0.09350000000000001,0.09445714007516844,0.09356477850805969,0.09366467978329611,0.18115626824201367,0.13847626115186473,0.22861444594575236,
20,m1d_b20260827_c004,c004_s2_00200,2.0,G-W,WIDEN,2.2220737527339463,True,True,5184.8433723661465,0.09350000000000001,0.09082553242562307,0.0908883884208559,0.09245021700244503,0.12497288612886329,0.10896501455408743,0.16484668889619056,
21,m1d_b20260827_c004,c004_s2_00250,2.5,G-H,WIDEN,1.7201129544721445,True,True,6568.781607219635,0.09350000000000001,0.09279550455943428,0.09293781054743835,0.09328138270824307,0.1123666646131987,0.10174459524840622,0.13246621489741922,
22,m1d_b20260827_c004,c004_s2_00320,3.2,G-H,WIDEN,1.9503133348115271,True,True,7627.8420240529185,0.09350000000000001,0.09359296172272628,0.09336293593251331,0.09375099578158581,0.10192555131394918,0.09465161220454803,0.11522589458884609,
23,m1d_b20260827_c004,c004_s2_00400,4.0,G-H,AMBIGUOUS,,True,False,8726.616036141491,0.09350000000000001,0.0952067547235248,0.09406536866177771,0.09397732013748848,0.09801636734962677,0.09004593394542451,0.10120459825030856,unsupported_required_contrast
24,m1d_b20260827_c004,c004_s2_00500,5.0,G-S,AMBIGUOUS,,True,False,9228.27583292397,0.09350000000000001,0.09400493754596709,0.09361600382346429,0.09434170156035808,0.09152214547698043,0.08977460055346506,0.09644658237836398,unsupported_required_contrast
25,m1d_b20260827_c004,c004_s2_00640,6.4,G-S,AMBIGUOUS,,True,False,9387.545841469479,0.09350000000000001,0.09276525076677251,0.0937575723852681,0.09319531761490582,0.08866555347112837,0.09363983439363713,0.08970494741400194,no_unique_preregistered_class
26,m1d_b20260827_c004,c004_s2_00800,8.0,G-S,SHRINK,1.0221194846388952,True,True,8941.75949333492,0.09350000000000001,0.09327727865142289,0.0932830991079445,0.09322499008154506,0.09283177989127796,0.0973157082302288,0.08987253999143492,
27,m1d_b20260827_c006,c006_s2_00125,1.25,G-W,HOLD,0.0616878215408336,True,True,2143.5294562024715,0.09542,0.09398573883097285,0.09404707109453347,0.0944500884397118,0.40478002242929,0.41135364492930304,0.41617432316856134,
28,m1d_b20260827_c006,c006_s2_00160,1.6,G-W,AMBIGUOUS,,True,False,2020.1232868751833,0.09542,0.09449070588619124,0.0942783826280021,0.0939804905881538,0.429710435399188,0.3666807951203151,0.4372175039302829,unsupported_required_contrast
29,m1d_b20260827_c006,c006_s2_00200,2.0,G-W,AMBIGUOUS,,True,False,2239.126785086488,0.09542,0.09320000208905385,0.09233473477827463,0.09210025757872295,0.3879298147498213,0.3272327724105443,0.3446728391753853,unsupported_required_contrast
30,m1d_b20260827_c006,c006_s2_00250,2.5,G-H,AMBIGUOUS,,True,False,2042.1225454516607,0.09542,0.09496752179328766,0.09507408205689225,0.0950542344452951,0.39771094018281344,0.3665703327732427,0.4424468798948971,unsupported_required_contrast
31,m1d_b20260827_c006,c006_s2_00320,3.2,G-H,AMBIGUOUS,,True,False,2012.093444813056,0.09542,0.09527352168111317,0.09531408575333603,0.09613837035804182,0.39367621363652583,0.3700715316550359,0.4593517402944844,unsupported_required_contrast
32,m1d_b20260827_c006,c006_s2_00400,4.0,G-H,AMBIGUOUS,,True,False,2560.2722624669987,0.09542,0.09631404958198823,0.0974081315448536,0.0978116292449442,0.3224856781621228,0.338310684815811,0.3736756811297815,no_unique_preregistered_class
33,m1d_b20260827_c006,c006_s2_00500,5.0,G-S,AMBIGUOUS,,True,False,2682.3635016394114,0.09542,0.09504258570510378,0.09358608055461863,0.0946025220230962,0.33248312653005063,0.2958740858853805,0.3336474406865642,unsupported_required_contrast
34,m1d_b20260827_c006,c006_s2_00640,6.4,G-S,AMBIGUOUS,,True,False,2688.955263977373,0.09542,0.09774397481425233,0.09887133182940422,0.0979509590135049,0.3349443121867554,0.36354417601059874,0.3351600593882701,no_unique_preregistered_class
35,m1d_b20260827_c006,c006_s2_00800,8.0,G-S,HOLD,0.011014212259277678,True,True,2735.0082886334017,0.09542,0.09643137208294149,0.09603651246193733,0.09693019797710514,0.32750371767445224,0.33722061334082076,0.3253717499522175,
36,m1d_b20260827_c007,c007_s2_00125,1.25,G-W,HOLD,0.6754482035152378,True,True,4126.163840872062,0.08674899999999999,0.08819146557111347,0.08806609066266144,0.08823922784041985,0.1884979583829874,0.18666263785218015,0.18858788288888,
37,m1d_b20260827_c007,c007_s2_00160,1.6,G-W,AMBIGUOUS,,True,False,4218.244404133419,0.08674899999999999,0.08608848367262827,0.08599696910950522,0.08626491164795295,0.17335737248834296,0.16521212333671273,0.1764154531761398,unsupported_required_contrast
38,m1d_b20260827_c007,c007_s2_00200,2.0,G-W,AMBIGUOUS,,True,False,5544.433875464151,0.08674899999999999,0.08464459035264851,0.0848383208626942,0.08482891560561327,0.12236062382525259,0.12981561054687327,0.12284297970841482,no_unique_preregistered_class
39,m1d_b20260827_c007,c007_s2_00250,2.5,G-H,AMBIGUOUS,,True,False,5184.262700963995,0.08674899999999999,0.08550992580930465,0.08512687899438101,0.08546003473436757,0.1359681630844372,0.13494511928191266,0.1408766869672956,no_unique_preregistered_class
40,m1d_b20260827_c007,c007_s2_00320,3.2,G-H,AMBIGUOUS,,True,False,4958.51405902446,0.08674899999999999,0.0865909148845703,0.08594915807485368,0.08606903084964039,0.15121438502126694,0.13987056794380048,0.14494531915511438,unsupported_required_contrast
41,m1d_b20260827_c007,c007_s2_00400,4.0,G-H,AMBIGUOUS,,True,False,4687.538977092142,0.08674899999999999,0.08767116916159075,0.08726834226032265,0.08747251611006936,0.15899538855034187,0.15539397638398633,0.16322938565457693,unsupported_required_contrast
42,m1d_b20260827_c007,c007_s2_00500,5.0,G-S,AMBIGUOUS,,True,False,5054.261468974768,0.08674899999999999,0.0857184160613079,0.08462939640495828,0.08598796494331956,0.14109160102649088,0.13689112515044086,0.14629100928950114,unsupported_required_contrast
43,m1d_b20260827_c007,c007_s2_00640,6.4,G-S,AMBIGUOUS,,True,False,4840.775424115238,0.08674899999999999,0.08700420389648564,0.08788466121370317,0.08699446548865174,0.14638677467304534,0.15955529847904618,0.1448382410746361,unsupported_required_contrast
44,m1d_b20260827_c007,c007_s2_00800,8.0,G-S,AMBIGUOUS,,True,False,4442.971364882046,0.08674899999999999,0.08867880168041016,0.08886818071377277,0.08839264609155681,0.16734580435176988,0.17775386998438242,0.15552633284886005,unsupported_required_contrast
45,m1d_b20260827_c010,c010_s2_00125,1.25,G-W,WIDEN,2.5648830137786387,True,True,4997.493898955322,0.096929,0.09747738162261903,0.09803898453848382,0.0979356362461765,0.15763168475342032,0.1369419020685249,0.19192397311277137,
46,m1d_b20260827_c010,c010_s2_00160,1.6,G-W,WIDEN,3.2476479695580047,True,True,6470.860919395258,0.096929,0.0956574360461949,0.09614350688751462,0.09524071094248558,0.12248212684913724,0.10914601326406322,0.14017907561020204,
47,m1d_b20260827_c010,c010_s2_00200,2.0,G-W,WIDEN,2.1761807714814334,True,True,7853.389462788389,0.096929,0.09601717946836866,0.09579283091834548,0.095758122115059,0.10379327708060845,0.09152673374359806,0.1167600052748031,
48,m1d_b20260827_c010,c010_s2_00250,2.5,G-H,WIDEN,1.9998837359598842,True,True,9102.60899419955,0.096929,0.09550954937365107,0.09573485267156237,0.09524167743483533,0.09051618531207689,0.084757252939526,0.0996524966235671,
49,m1d_b20260827_c010,c010_s2_00320,3.2,G-H,WIDEN,1.8448572816161106,True,True,10069.247458559945,0.096929,0.09889293928262999,0.09830375188295676,0.0984863809985188,0.09102410621994542,0.08428137625321477,0.09632862120137616,
50,m1d_b20260827_c010,c010_s2_00400,4.0,G-H,AMBIGUOUS,,True,False,10820.355320604665,0.096929,0.09602914137434622,0.0958222393465818,0.09566309410001626,0.08078149009562081,0.07834585737853075,0.08457603564424504,unsupported_required_contrast
51,m1d_b20260827_c010,c010_s2_00500,5.0,G-S,HOLD,0.014202318530479041,True,True,11835.203266795776,0.096929,0.09656074062653111,0.09682649270102077,0.09685871459436386,0.0769917416259528,0.07797813952850718,0.07926869003756774,
52,m1d_b20260827_c010,c010_s2_00640,6.4,G-S,AMBIGUOUS,,True,False,11230.911137235647,0.096929,0.09762217826960438,0.09782359428910457,0.09776548402675381,0.08248844045405063,0.08520640474050387,0.08236702006401005,no_unique_preregistered_class
53,m1d_b20260827_c010,c010_s2_00800,8.0,G-S,SHRINK,1.0226829032311182,True,True,11118.905657297248,0.096929,0.0977023251271565,0.09759454055139052,0.09751482608477348,0.08279584283630886,0.08566215632188615,0.08042905410718756,
54,m1d_b20260827_c017,c017_s2_00125,1.25,G-W,WIDEN,1.1951324710897182,True,True,5935.4880410535925,0.080947,0.08070805134614997,0.08058506428284995,0.08076283846546269,0.10769849373993876,0.10312681092774509,0.1098921610469727,
55,m1d_b20260827_c017,c017_s2_00160,1.6,G-W,AMBIGUOUS,,True,False,4063.639825887128,0.080947,0.08078184824148042,0.0804570609759179,0.08101741286792226,0.13251875330833993,0.10483469836247465,0.16152566342117772,unsupported_required_contrast
56,m1d_b20260827_c017,c017_s2_00200,2.0,G-W,AMBIGUOUS,,True,False,5914.150135758545,0.080947,0.08212454728381201,0.08164413719805746,0.08198481677180514,0.10935351273005697,0.09249113198376221,0.1136513282012643,unsupported_required_contrast
57,m1d_b20260827_c017,c017_s2_00250,2.5,G-H,AMBIGUOUS,,True,False,7121.8422590875925,0.080947,0.0814276454658253,0.08215634008593137,0.08204539806840534,0.08201556338134038,0.0863241933097677,0.09451834369981515,no_unique_preregistered_class
58,m1d_b20260827_c017,c017_s2_00320,3.2,G-H,AMBIGUOUS,,True,False,7064.003847364863,0.080947,0.08097334762610574,0.08043455316922353,0.08114459019539465,0.08499257825089088,0.07722881816772022,0.09321122496889325,unsupported_required_contrast
59,m1d_b20260827_c017,c017_s2_00400,4.0,G-H,AMBIGUOUS,,True,False,7605.424819820296,0.080947,0.07992012676766246,0.07966147851857103,0.08076816809837191,0.07346907426459891,0.07097054690564679,0.08577426156348492,unsupported_required_contrast
60,m1d_b20260827_c017,c017_s2_00500,5.0,G-S,AMBIGUOUS,,True,False,8065.164278447123,0.080947,0.08158324157325855,0.08161739493447245,0.0821965544957509,0.07846990579719378,0.07818925374938505,0.08377105955582356,no_unique_preregistered_class
61,m1d_b20260827_c017,c017_s2_00640,6.4,G-S,AMBIGUOUS,,True,False,8084.266980451134,0.080947,0.08160225054645988,0.08240829350558512,0.08189318499869268,0.07591199622393764,0.0840042375508446,0.07782303717322199,no_unique_preregistered_class
62,m1d_b20260827_c017,c017_s2_00800,8.0,G-S,AMBIGUOUS,,True,False,7909.980494838626,0.080947,0.0800867602138833,0.08004019123217242,0.07975531337365363,0.07882749999926986,0.08099175739640593,0.075280920428783,unsupported_required_contrast
63,m1d_b20260827_c020,c020_s2_00125,1.25,G-W,WIDEN,3.5323527644664923,True,True,6334.731911395481,0.11257399999999998,0.11133879185991716,0.111824374503222,0.11103680927307816,0.16758167882157177,0.14746241577749203,0.19462817347277347,
64,m1d_b20260827_c020,c020_s2_00160,1.6,G-W,WIDEN,5.965249456972389,True,True,7440.192184066207,0.11257399999999998,0.11237764553772969,0.11190766365526472,0.11274051523855692,0.14595915417390362,0.12711576231941552,0.1708346163890191,
65,m1d_b20260827_c020,c020_s2_00200,2.0,G-W,WIDEN,3.3843787848841713,True,True,9032.616659632204,0.11257399999999998,0.10990586616058344,0.11029356997527573,0.10996439904092403,0.11960031450619087,0.11167653986502843,0.1338722710382791,
66,m1d_b20260827_c020,c020_s2_00250,2.5,G-H,WIDEN,1.9918837579643596,True,True,10118.416815825847,0.11257399999999998,0.11057411111179269,0.11056674289676312,0.11074115302006746,0.1105899832298172,0.10493739088878959,0.12120080834219973,
67,m1d_b20260827_c020,c020_s2_00320,3.2,G-H,WIDEN,1.1563315352945993,True,True,10955.962391770183,0.11257399999999998,0.11307018729232828,0.11285795769147126,0.11323722103037451,0.11224523110742635,0.10951535735714062,0.11703826435470358,
68,m1d_b20260827_c020,c020_s2_00400,4.0,G-H,AMBIGUOUS,,True,False,11525.919287498633,0.11257399999999998,0.11163878775103483,0.11173342648007975,0.11093011501853997,0.10652435229457909,0.10831551290247457,0.10511779102625392,unsupported_required_contrast
69,m1d_b20260827_c020,c020_s2_00500,5.0,G-S,AMBIGUOUS,,True,False,11177.502953855785,0.11257399999999998,0.11226759052896226,0.11189914859408931,0.11187925328582402,0.10950565183992969,0.11202340547593145,0.10665275037677562,unsupported_required_contrast
70,m1d_b20260827_c020,c020_s2_00640,6.4,G-S,SHRINK,1.191775126479225,True,True,10379.197312514041,0.11257399999999998,0.11309472281831452,0.11367701087705576,0.11344970152957283,0.11506072212693204,0.1245034891702255,0.11102572218527126,
71,m1d_b20260827_c020,c020_s2_00800,8.0,G-S,SHRINK,2.635692806845334,True,True,9613.778164563406,0.11257399999999998,0.11241638281920492,0.11227323551616983,0.1115137308398771,0.12146588074108275,0.1311168116998234,0.1112832523937691,
