candidate_index,state_id,config_id,s2,original_stratum,discovery_class,confirmation_class,widen_ratio_over_base,shrink_ratio_over_base,widen_minus_base_m2,widen_paired_se,widen_support_ratio_abs_delta_over_2se,shrink_minus_base_m2,shrink_paired_se,shrink_support_ratio_abs_delta_over_2se,widen_support,shrink_support,direction_margin,discovery_ambiguity_reason,confirmation_ambiguity_reason,p_ref_full,p_ref_full_se,minimum_arm_ess,hold_proximity_score_diagnostic_only
0,c000_s2_00125,m1d_b20260827_c000,1.25,G-W,AMBIGUOUS,,-0.1591076731668286,0.6669375011482432,-0.00670583232060418,0.0019271059556722682,1.7398712045038696,0.028109084634362506,0.017848524443143814,0.7874344101638077,True,False,0.9823435747427802,unsupported_required_contrast,,0.067063,0.00026542230501598764,6626.382678683586,0.6669375011482432
1,c000_s2_00160,m1d_b20260827_c000,1.6,G-W,WIDEN,WIDEN,-0.0784842638797818,0.09477427643502434,-0.002758152535321025,0.0005056745740620093,2.7272011257805513,0.0033306283057311864,0.0005434219782088812,3.0644954007095344,True,True,0.18801473867854093,,,0.067063,0.00026542230501598764,11783.508113803118,0.09477427643502434
2,c000_s2_00200,m1d_b20260827_c000,2.0,G-W,WIDEN,,-0.05737620483059369,0.0621718571537051,-0.0018422941706107622,0.0004946699139434578,1.862144956344911,0.0019962779055968847,0.00027884412064213646,3.579558896561552,True,True,0.12682478693720423,,,0.067063,0.00026542230501598764,13342.675022857316,0.0621718571537051
3,c000_s2_00250,m1d_b20260827_c000,2.5,G-H,AMBIGUOUS,,-0.0010280274935378086,0.05226771790786788,-3.0129823965147247e-05,0.00042535184809047895,0.0354175303344846,0.0015318823178592606,0.0004280294561502871,1.789458991487487,False,True,-0.0010280274935378494,no_unique_preregistered_class,,0.067063,0.00026542230501598764,14469.073537743645,0.05226771790786788
4,c000_s2_00320,m1d_b20260827_c000,3.2,G-H,AMBIGUOUS,,0.0019144986915275997,-0.020420507609782312,5.779285180335363e-05,0.0003554109156479157,0.08130427240536071,-0.0006164325811577418,0.00039383191513300337,0.7826087189373195,False,False,0.022800606254844587,unsupported_required_contrast,,0.067063,0.00026542230501598764,14580.425114521515,0.020420507609782312
5,c000_s2_00400,m1d_b20260827_c000,4.0,G-H,SHRINK,SHRINK,0.04101716044845505,-0.04012376502695558,0.0012873490629912332,0.0004182673826757619,1.538906828875511,-0.001259309292656724,0.0003413530550806392,1.8445847692197048,True,True,0.08453269548619384,,,0.067063,0.00026542230501598764,13971.946662527034,0.04101716044845505
6,c000_s2_00500,m1d_b20260827_c000,5.0,G-S,SHRINK,SHRINK,0.07793982337641059,-0.03669872520922002,0.00247614147493413,0.0003853973008311489,3.2124530576551478,-0.0011659153386696511,0.00037493316434360533,1.5548308999429492,True,True,0.1190059139188092,,,0.067063,0.00026542230501598764,13223.909288688104,0.07793982337641059
7,c000_s2_00640,m1d_b20260827_c000,6.4,G-S,SHRINK,SHRINK,0.05788520198029423,-0.060645901567300986,0.0019586256753128923,0.0004972349173498768,1.9695174322750906,-0.0020520377548764682,0.00033743587796213206,3.040633626852734,True,True,0.12618362313568765,,,0.067063,0.00026542230501598764,12532.01456335261,0.060645901567300986
8,c000_s2_00800,m1d_b20260827_c000,8.0,G-S,SHRINK,SHRINK,0.05872688344338628,-0.041916428197448896,0.0022061928707410986,0.0005134141877007588,2.148550744790645,-0.001574674486945851,0.0005509612097986831,1.4290248196612831,True,True,0.10504648509052658,,,0.067063,0.00026542230501598764,11280.358233927667,0.05872688344338628
9,c001_s2_00125,m1d_b20260827_c001,1.25,G-W,AMBIGUOUS,,-0.14707953712337074,0.3013493748722236,-0.014870671507844735,0.013893222187646015,0.5351772003282247,0.030468327888877593,0.027564578833365713,0.5526717471916716,False,False,0.5257570096081249,unsupported_required_contrast,,0.089218,0.0002901212087894881,5768.071041440996,0.3013493748722236
10,c001_s2_00160,m1d_b20260827_c001,1.6,G-W,AMBIGUOUS,,-0.217757607714403,0.25860703860679957,-0.020394353224300575,0.005960184345383859,1.7108827548342467,0.024220156287511292,0.014211786333303804,0.8521151289318902,True,False,0.608973191710226,unsupported_required_contrast,,0.089218,0.0002901212087894881,6543.320200857626,0.25860703860679957
11,c001_s2_00200,m1d_b20260827_c001,2.0,G-W,WIDEN,WIDEN,-0.12777366452752625,0.19058434460373497,-0.009331636699979988,0.002299418945088218,2.029129298058814,0.013918860910205142,0.0034006323600109666,2.0465106834071674,True,True,0.3649947223375351,,,0.089218,0.0002901212087894881,8987.672903826493,0.19058434460373497
12,c001_s2_00250,m1d_b20260827_c001,2.5,G-H,WIDEN,WIDEN,-0.06584910506645325,0.12132380426109823,-0.0042781730620313945,0.0009464648393346656,2.2600802925964016,0.007882327795483219,0.0017585828569102542,2.24110219331152,True,True,0.20036688969919203,,,0.089218,0.0002901212087894881,11158.855211753198,0.12132380426109823
13,c001_s2_00320,m1d_b20260827_c001,3.2,G-H,AMBIGUOUS,,-0.01426270092024251,0.051552303149248635,-0.0008747644670934852,0.0007729863150763853,0.5658343815614915,0.003161822101155573,0.0008468272622156428,1.8668636699785544,False,True,0.06676728589953256,unsupported_required_contrast,,0.089218,0.0002901212087894881,12902.232739500472,0.051552303149248635
14,c001_s2_00400,m1d_b20260827_c001,4.0,G-H,HOLD,HOLD,0.008932800898303173,0.005537042730721531,0.000538640604505269,0.0007523927259081107,0.3579517623958614,0.00033387915812763504,0.0008191512628325453,0.2037957903971932,False,False,0.005537042730721488,,,0.089218,0.0002901212087894881,13204.679534990843,0.008932800898303173
15,c001_s2_00500,m1d_b20260827_c001,5.0,G-S,AMBIGUOUS,,0.04170305419669362,-0.017113575349613552,0.002512725394500607,0.0007581168739897349,1.6572150552967575,-0.0010311406730273067,0.000756747348425273,0.6812978434434048,True,False,0.05984071818595757,unsupported_required_contrast,,0.089218,0.0002901212087894881,12638.244298276228,0.04170305419669362
16,c001_s2_00640,m1d_b20260827_c001,6.4,G-S,SHRINK,SHRINK,0.07704137859949167,-0.02466885861337642,0.004903479936448539,0.0008399948915399892,2.9187558078233273,-0.0015701075897748263,0.0007675249854207497,1.0228380962178767,True,True,0.10428277422606153,,,0.089218,0.0002901212087894881,11988.48951799362,0.07704137859949167
17,c001_s2_00800,m1d_b20260827_c001,8.0,G-S,SHRINK,SHRINK,0.06884805211016864,-0.045021002029790425,0.0045667665647055305,0.0011816787702074766,1.9323214903419597,-0.0029862922839151607,0.0009604567714571997,1.554620870330465,True,True,0.11923723388889786,,,0.089218,0.0002901212087894881,11083.108699810056,0.06884805211016864
18,c004_s2_00125,m1d_b20260827_c004,1.25,G-W,WIDEN,,-0.284290572311067,0.27083670345161615,-0.07805801370670551,0.012846225473433228,3.038169222085281,0.07436396831046857,0.023820803241897573,1.5609038779110607,True,True,0.7756321969311221,,,0.09350000000000001,0.0003287200056358955,2594.0403362709126,0.284290572311067
19,c004_s2_00160,m1d_b20260827_c004,1.6,G-W,WIDEN,,-0.23559773837431375,0.26197369908469015,-0.0426800070901489,0.006094048091147317,3.5017780014034647,0.04745817770373869,0.012888830345012295,1.8410583595781445,True,True,0.6509287876788824,,,0.09350000000000001,0.0003287200056358955,3837.496883722365,0.26197369908469015
20,c004_s2_00200,m1d_b20260827_c004,2.0,G-W,WIDEN,WIDEN,-0.12809075688841554,0.3190596296720891,-0.016007871574775862,0.0036020117593037696,2.2220737527339463,0.03987380276732727,0.005763316837706178,3.4592756124784905,True,True,0.5128405164793963,,,0.09350000000000001,0.0003287200056358955,5184.8433723661465,0.3190596296720891
21,c004_s2_00250,m1d_b20260827_c004,2.5,G-H,WIDEN,,-0.09453043214690926,0.17887467206942076,-0.010622069364792475,0.0030876080949149344,1.7201129544721445,0.020099550284220533,0.0038730740308180528,2.5947800279943527,True,True,0.30194841872442596,,,0.09350000000000001,0.0003287200056358955,6568.781607219635,0.17887467206942076
22,c004_s2_00320,m1d_b20260827_c004,3.2,G-H,WIDEN,,-0.07136521721620226,0.13049076608797971,-0.007273939109401138,0.0018648129455834522,1.950313334811527,0.013300343274896893,0.003279290834028021,2.0279298098363245,True,True,0.21736853609884382,,,0.09350000000000001,0.0003287200056358955,7627.8420240529185,0.13049076608797971
23,c004_s2_00400,m1d_b20260827_c004,4.0,G-H,AMBIGUOUS,,-0.08131737198310485,0.032527535827861165,-0.00797043340420225,0.0016099072220733463,2.4754325264586963,0.00318823090068179,0.0025826027504981335,0.6172515111096436,True,False,0.12392191202822268,unsupported_required_contrast,,0.09350000000000001,0.0003287200056358955,8726.616036141491,0.08131737198310485
24,c004_s2_00500,m1d_b20260827_c004,5.0,G-S,AMBIGUOUS,,-0.019094230302489024,0.053805960029883027,-0.0017475449235153512,0.0014850308455179855,0.5883867425345631,0.004924436901383564,0.0017882891816341524,1.3768569848651593,False,True,0.07431925938701824,unsupported_required_contrast,,0.09350000000000001,0.0003287200056358955,9228.27583292397,0.053805960029883027
25,c004_s2_00640,m1d_b20260827_c004,6.4,G-S,AMBIGUOUS,,0.056101617006524496,0.011722635253295088,0.004974280922508732,0.0017594728346744001,1.4135713903844527,0.0010393939428735566,0.001900214012068602,0.273493916020032,True,False,0.011722635253295092,no_unique_preregistered_class,,0.09350000000000001,0.0003287200056358955,9387.545841469479,0.056101617006524496
26,c004_s2_00800,m1d_b20260827_c004,8.0,G-S,SHRINK,SHRINK,0.04830165213036186,-0.03187744437636353,0.004483928338950852,0.002155946381409912,1.0398979254805314,-0.0029592398998430297,0.0014475997886335668,1.0221194846388952,True,True,0.08281915966215293,,,0.09350000000000001,0.0003287200056358955,8941.75949333492,0.04830165213036186
27,c006_s2_00125,m1d_b20260827_c006,1.25,G-W,HOLD,AMBIGUOUS,0.016239987488911645,0.02814936535377499,0.0065736225000129515,0.03466896200931257,0.09480558573180219,0.011394300739271364,0.006349202266583953,0.8973017601943413,False,False,0.016239987488911613,,unsupported_required_contrast,0.09542,0.00035759135748416574,2143.5294562024715,0.02814936535377499
28,c006_s2_00160,m1d_b20260827_c006,1.6,G-W,AMBIGUOUS,,-0.14667933353845664,0.017470063355852883,-0.063029640278873,0.06217950494319338,0.5068361378597039,0.0075070685310948725,0.03113106970976365,0.1205719655810675,False,False,0.19236542995611033,unsupported_required_contrast,,0.09542,0.00035759135748416574,2020.1232868751833,0.14667933353845664
29,c006_s2_00200,m1d_b20260827_c006,2.0,G-W,AMBIGUOUS,,-0.15646397887313956,-0.11150722097071275,-0.06069704233927692,0.030556314521578715,0.9931996592130404,-0.043256975574435905,0.028373959046717318,0.7622654192038184,False,False,0.05329559944858089,unsupported_required_contrast,,0.09542,0.00035759135748416574,2239.126785086488,0.15646397887313956
30,c006_s2_00250,m1d_b20260827_c006,2.5,G-H,AMBIGUOUS,,-0.07829959969232059,0.11248355323471904,-0.031140607409570815,0.02222449466351459,0.7005920242743154,0.04473593971208364,0.030354462873529556,0.736892296504699,False,False,0.206990419949208,unsupported_required_contrast,,0.09542,0.00035759135748416574,2042.1225454516607,0.11248355323471904
31,c006_s2_00320,m1d_b20260827_c006,3.2,G-H,AMBIGUOUS,,-0.05995963475528565,0.16682625056589173,-0.023604681981489913,0.02318924378515714,0.5089575623979313,0.06567552665795864,0.030455248631070048,1.0782300196189718,False,True,0.24125122037939267,unsupported_required_contrast,,0.09542,0.00035759135748416574,2012.093444813056,0.16682625056589173
32,c006_s2_00400,m1d_b20260827_c006,4.0,G-H,AMBIGUOUS,,0.04907196730061458,0.15873574063628348,0.015825006653688214,0.014812952264926916,0.5341611304303454,0.05119000296765862,0.014845842932068186,1.724051749769095,False,True,0.04907196730061452,no_unique_preregistered_class,,0.09542,0.00035759135748416574,2560.2722624669987,0.15873574063628348
33,c006_s2_00500,m1d_b20260827_c006,5.0,G-S,AMBIGUOUS,,-0.11010796555825009,0.003501874421913964,-0.03660904064467009,0.010934635164789687,1.6739946094659766,0.001164314156513599,0.020001412799897107,0.029105797879427513,True,False,0.1276669928295675,unsupported_required_contrast,,0.09542,0.00035759135748416574,2682.3635016394114,0.11010796555825009
34,c006_s2_00640,m1d_b20260827_c006,6.4,G-S,AMBIGUOUS,,0.08538692189493546,0.0006441285720188983,0.028599863823843424,0.016582245759361267,0.8623640078334318,0.00021574720151473076,0.016304717906717732,0.006616097339097183,False,False,0.0006441285720188247,no_unique_preregistered_class,,0.09542,0.00035759135748416574,2688.955263977373,0.08538692189493546
35,c006_s2_00800,m1d_b20260827_c006,8.0,G-S,HOLD,AMBIGUOUS,0.02966957363222167,-0.006509751209462511,0.009716895666368444,0.012093603138753779,0.4017369990929664,-0.0021319677222347276,0.020236402813633734,0.05267654883797755,False,False,-0.0065097512094624945,,unsupported_required_contrast,0.09542,0.00035759135748416574,2735.0082886334017,0.02966957363222167
36,c007_s2_00125,m1d_b20260827_c007,1.25,G-W,HOLD,HOLD,-0.009736553894542865,0.00047705824860910795,-0.001835320530807262,0.0015038825843157668,0.6101940902661268,8.992450589260376e-05,0.0006998485174207121,0.06424569292796392,False,False,-0.009736553894542895,,,0.08674899999999999,0.00036007740395935066,4126.163840872062,0.009736553894542865
37,c007_s2_00160,m1d_b20260827_c007,1.6,G-W,AMBIGUOUS,,-0.04698530575720361,0.017640326707204057,-0.008145249151630224,0.006792538766152753,0.5995732547172223,0.0030580806877968597,0.0026828733427252845,0.5699263992631193,False,False,0.06781179015897021,unsupported_required_contrast,,0.08674899999999999,0.00036007740395935066,4218.244404133419,0.04698530575720361
38,c007_s2_00200,m1d_b20260827_c007,2.0,G-W,AMBIGUOUS,,0.06092635431695248,0.0039420842104491705,0.007454986721620684,0.007061703733876736,0.5278461829159776,0.0004823558831622148,0.002114175868330541,0.11407657479864888,False,False,0.003942084210449079,no_unique_preregistered_class,,0.08674899999999999,0.00036007740395935066,5544.433875464151,0.06092635431695248
39,c007_s2_00250,m1d_b20260827_c007,2.5,G-H,AMBIGUOUS,,-0.00752414226475373,0.036100538328300846,-0.0010230438025245348,0.005087024782386189,0.10055423811446934,0.004908523882858435,0.004554469975728918,0.5388688375394167,False,False,-0.0075241422647537755,no_unique_preregistered_class,,0.08674899999999999,0.00036007740395935066,5184.262700963995,0.036100538328300846
40,c007_s2_00320,m1d_b20260827_c007,3.2,G-H,AMBIGUOUS,,-0.07501810807133891,-0.0414581315479402,-0.01134381707746648,0.003934025722005578,1.4417568515138444,-0.006269065866152587,0.005814513738754406,0.5390877163440632,True,False,0.036281765963465,unsupported_required_contrast,,0.08674899999999999,0.00036007740395935066,4958.51405902446,0.07501810807133891
41,c007_s2_00400,m1d_b20260827_c007,4.0,G-H,AMBIGUOUS,,-0.022651047927816137,0.026629684941424925,-0.0036014121663555795,0.005290120730937749,0.3403903568111174,0.00423399710423505,0.004512135647868541,0.4691788362164068,False,False,0.05042286356859099,unsupported_required_contrast,,0.08674899999999999,0.00036007740395935066,4687.538977092142,0.026629684941424925
42,c007_s2_00500,m1d_b20260827_c007,5.0,G-S,AMBIGUOUS,,-0.029771268066207224,0.03685129536544163,-0.00420047587605001,0.004707972022653728,0.4461024678819502,0.005199408263010263,0.005377497384764836,0.48344126375039037,False,False,0.0686668630178179,unsupported_required_contrast,,0.08674899999999999,0.00036007740395935066,5054.261468974768,0.03685129536544163
43,c007_s2_00640,m1d_b20260827_c007,6.4,G-S,AMBIGUOUS,,0.08995705954593713,-0.01057837090726177,0.013168523806000832,0.004325224631256065,1.5222936296578697,-0.0015485335984091937,0.0034850996719014917,0.22216489400492587,True,False,0.1016103019148532,unsupported_required_contrast,,0.08674899999999999,0.00036007740395935066,4840.775424115238,0.08995705954593713
44,c007_s2_00800,m1d_b20260827_c007,8.0,G-S,AMBIGUOUS,,0.062194960148114875,-0.0706290280099563,0.01040806563261255,0.005260954141615173,0.9891804178906182,-0.011819471502909795,0.00625291353504246,0.945117139128131,False,False,0.14291815879901834,unsupported_required_contrast,,0.08674899999999999,0.00036007740395935066,4442.971364882046,0.0706290280099563
45,c010_s2_00125,m1d_b20260827_c010,1.25,G-W,WIDEN,WIDEN,-0.13125395898204073,0.21754692537222886,-0.0206897826848954,0.0040332799924497915,2.5648830137786374,0.03429228835935107,0.004307429174045535,3.9805980520793764,True,True,0.401499250512336,,,0.096929,0.000244516601524421,4997.493898955322,0.21754692537222886
46,c010_s2_00160,m1d_b20260827_c010,1.6,G-W,WIDEN,WIDEN,-0.10888211960509375,0.14448596882108644,-0.01333611358507407,0.001645110603167635,4.053257440379872,0.01769694876106476,0.0027245792842925123,3.247647969558005,True,True,0.2843261189124586,,,0.096929,0.000244516601524421,6470.860919395258,0.14448596882108644
47,c010_s2_00200,m1d_b20260827_c010,2.0,G-W,WIDEN,WIDEN,-0.11818244574245296,0.1249284015199208,-0.012266543337010393,0.0013070755617665582,4.692361978075595,0.012966728194194648,0.002979239676253448,2.1761807714814334,True,True,0.2756929095917837,,,0.096929,0.000244516601524421,7853.389462788389,0.1249284015199208
48,c010_s2_00250,m1d_b20260827_c010,2.5,G-H,WIDEN,WIDEN,-0.06362323326701791,0.1009356644890691,-0.0057589323725508864,0.0014398167925963883,1.9998837359598844,0.009136311311490211,0.002073851915068427,2.202739560406066,True,True,0.1757400478124131,,,0.096929,0.000244516601524421,9102.60899419955,0.1009356644890691
49,c010_s2_00320,m1d_b20260827_c010,3.2,G-H,WIDEN,,-0.07407631062520847,0.058275935921998645,-0.006742729966730665,0.0012673508001132927,2.6601671637118587,0.005304514981430716,0.0014376491434567548,1.8448572816161104,True,True,0.14294077154087595,,,0.096929,0.000244516601524421,10069.247458559945,0.07407631062520847
50,c010_s2_00400,m1d_b20260827_c010,4.0,G-H,AMBIGUOUS,,-0.03015087632336333,0.04697295808894619,-0.0024356327170900593,0.00135560144395797,0.8983587056305818,0.003794545548624219,0.0016055687206730132,1.1816826959090367,False,True,0.07952147661889719,unsupported_required_contrast,,0.096929,0.000244516601524421,10820.355320604665,0.04697295808894619
51,c010_s2_00500,m1d_b20260827_c010,5.0,G-S,HOLD,HOLD,0.012811736450210054,0.029573930444085628,0.0009863979025543771,0.0016218321846766706,0.30409986676612477,0.0022769484116149565,0.0017350065550987622,0.6561786193036444,False,False,0.012811736450210108,,,0.096929,0.000244516601524421,11835.203266795776,0.029573930444085628
52,c010_s2_00640,m1d_b20260827_c010,6.4,G-S,AMBIGUOUS,,0.032949638415909366,-0.0014719685494383183,0.0027179642864532485,0.0014223959816348976,0.9554175917065052,-0.00012142039004057193,0.001309785203906942,0.04635126037398672,False,False,-0.0014719685494383457,no_unique_preregistered_class,,0.096929,0.000244516601524421,11230.911137235647,0.032949638415909366
53,c010_s2_00800,m1d_b20260827_c010,8.0,G-S,SHRINK,SHRINK,0.03461905075649896,-0.028585840158672604,0.0028663134855772842,0.001401369611499959,1.0226829032311182,-0.002366788729121297,0.0011334886200783504,1.0440284477481991,True,True,0.06506482356145134,,,0.096929,0.000244516601524421,11118.905657297248,0.03461905075649896
54,c017_s2_00125,m1d_b20260827_c017,1.25,G-W,WIDEN,,-0.042448902054591175,0.020368597840662694,-0.004571682812193669,0.0019126259735982331,1.1951324710897182,0.0021936673070339597,0.00040186776453739214,2.729339723925341,True,True,0.06560224308659851,,,0.080947,0.0002806806576501973,5935.4880410535925,0.042448902054591175
55,c017_s2_00160,m1d_b20260827_c017,1.6,G-W,AMBIGUOUS,,-0.20890669625793268,0.21888909598587558,-0.02768405494586526,0.015077210838760222,0.9180761362935773,0.0290069101128378,0.027376960896102226,0.5297686295955449,False,False,0.5407652804292846,unsupported_required_contrast,,0.080947,0.0002806806576501973,4063.639825887128,0.21888909598587558
56,c017_s2_00200,m1d_b20260827_c017,2.0,G-W,AMBIGUOUS,,-0.15420063174303456,0.03930203396224363,-0.01686238074629479,0.006278694569707536,1.3428253723034855,0.0042978154712073014,0.00824557414695666,0.2606134754602608,True,False,0.228780811345427,unsupported_required_contrast,,0.080947,0.0002806806576501973,5914.150135758545,0.15420063174303456
57,c017_s2_00250,m1d_b20260827_c017,2.5,G-H,AMBIGUOUS,,0.05253429655044717,0.15244399724893354,0.004308629928427336,0.004648274566869129,0.46346551461668906,0.012502780318474798,0.005146490808146097,1.2146898522275447,False,True,0.052534296550447154,no_unique_preregistered_class,,0.080947,0.0002806806576501973,7121.8422590875925,0.15244399724893354
58,c017_s2_00320,m1d_b20260827_c017,3.2,G-H,AMBIGUOUS,,-0.09134632979661705,0.096698404580005,-0.007763760083170651,0.0029456270118101853,1.3178450720411412,0.008218646718002412,0.004969012289004102,0.8269899770815025,True,False,0.20694874245600323,unsupported_required_contrast,,0.080947,0.0002806806576501973,7064.003847364863,0.096698404580005
59,c017_s2_00400,m1d_b20260827_c017,4.0,G-H,AMBIGUOUS,,-0.03400787860690435,0.16748798623171535,-0.0024985273589521063,0.0033143284039430193,0.3769281517153877,0.012305187298886033,0.0032464365161945425,1.8951837249092607,False,True,0.20858955303696927,unsupported_required_contrast,,0.080947,0.0002806806576501973,7605.424819820296,0.16748798623171535
60,c017_s2_00500,m1d_b20260827_c017,5.0,G-S,AMBIGUOUS,,-0.0035765564512600934,0.06755651997761625,-0.0002806520478087136,0.00255151513488321,0.05499713561792371,0.0053011537586298094,0.002983262114042614,0.8884827339972189,False,False,-0.003576556451260047,no_unique_preregistered_class,,0.080947,0.0002806806576501973,8065.164278447123,0.06755651997761625
61,c017_s2_00640,m1d_b20260827_c017,6.4,G-S,AMBIGUOUS,,0.10660029678359595,0.02517442623491073,0.008092241326906965,0.0026206241477539625,1.5439530567255357,0.0019110409492843513,0.002614982666484097,0.3654022211653488,True,False,0.02517442623491084,no_unique_preregistered_class,,0.080947,0.0002806806576501973,8084.266980451134,0.10660029678359595
62,c017_s2_00800,m1d_b20260827_c017,8.0,G-S,AMBIGUOUS,,0.027455613804270307,-0.04499165355389567,0.002164257397136062,0.0019478658941002574,0.5555457908296502,-0.003546579570486872,0.0028012253635307945,0.6330407429298367,False,False,0.0758603499411977,unsupported_required_contrast,,0.080947,0.0002806806576501973,7909.980494838626,0.04499165355389567
63,c020_s2_00125,m1d_b20260827_c020,1.25,G-W,WIDEN,WIDEN,-0.12005645954592203,0.16139290906614412,-0.02011926304407971,0.002847855860613403,3.5323527644664923,0.02704649465120172,0.0037077908299579343,3.6472519475307843,True,True,0.3198493490466783,,,0.11257399999999998,0.00027733354419695084,6334.731911395481,0.16139290906614412
64,c020_s2_00160,m1d_b20260827_c020,1.6,G-W,WIDEN,WIDEN,-0.12910044567699452,0.17042755801035603,-0.01884339185448811,0.0015794303314895996,5.96524945697239,0.024875462215115468,0.001999653794488441,6.219942242921906,True,True,0.34392944881018905,,,0.11257399999999998,0.00027733354419695084,7440.192184066207,0.17042755801035603
65,c020_s2_00200,m1d_b20260827_c020,2.0,G-W,WIDEN,WIDEN,-0.0662521221108685,0.11933042643754477,-0.007923774641162446,0.0011706394503701563,3.3843787848841704,0.014271956532088247,0.0018305274512977565,3.898318083667664,True,True,0.19875016901558987,,,0.11257399999999998,0.00027733354419695084,9032.616659632204,0.11933042643754477
66,c020_s2_00250,m1d_b20260827_c020,2.5,G-H,WIDEN,WIDEN,-0.05111305903068042,0.09594743395821093,-0.005652592341027609,0.0014189061782411375,1.9918837579643596,0.010610825112382528,0.0015489039547655634,3.4252689070022244,True,True,0.15498210233419818,,,0.11257399999999998,0.00027733354419695084,10118.416815825847,0.09594743395821093
67,c020_s2_00320,m1d_b20260827_c020,3.2,G-H,WIDEN,,-0.024320621226865846,0.042701442190358874,-0.0027298737502857015,0.0011804027075981327,1.1563315352945993,0.004793033247277241,0.001075892194253774,2.2274691055834044,True,True,0.0686927128679314,,,0.11257399999999998,0.00027733354419695084,10955.962391770183,0.042701442190358874
68,c020_s2_00400,m1d_b20260827_c020,4.0,G-H,AMBIGUOUS,,0.016814564644732632,-0.013204128802731474,0.0017911606078954887,0.0013206964975112805,0.6781121216232308,-0.0014065612683251565,0.0016690762422472438,0.42135920239070773,False,False,0.030420367903488368,unsupported_required_contrast,,0.11257399999999998,0.00027733354419695084,11525.919287498633,0.016814564644732632
69,c020_s2_00500,m1d_b20260827_c020,5.0,G-S,AMBIGUOUS,,0.02299199715903333,-0.02605254993892292,0.0025177536360017857,0.0015965319631034496,0.788507118613398,-0.0028529014631540573,0.0013707511162550606,1.0406343753154412,False,True,0.05035646132127631,unsupported_required_contrast,,0.11257399999999998,0.00027733354419695084,11177.502953855785,0.02605254993892292
70,c020_s2_00640,m1d_b20260827_c020,6.4,G-S,SHRINK,SHRINK,0.08206768451249968,-0.03506843922993519,0.009442767043293467,0.0019922980409336705,2.36981788098035,-0.004034999941660774,0.001692852893138105,1.191775126479225,True,True,0.12139319357422022,,,0.11257399999999998,0.00027733354419695084,10379.197312514041,0.08206768451249968
71,c020_s2_00800,m1d_b20260827_c020,8.0,G-S,SHRINK,SHRINK,0.07945384251000176,-0.08383118193510641,0.009650930958740636,0.001830814830483196,2.6356928068453334,-0.010182628347313646,0.0016499297519376745,3.0857763293725644,True,True,0.17822591341843996,,,0.11257399999999998,0.00027733354419695084,9613.778164563406,0.08383118193510641
